COLAC,LOCATION,18810324-232-249282714 (2 of 2).txt
Colac,LOCATION,18810324-232-249282714 (2 of 2).txt
Gerangamete,LOCATION,18810324-232-249282714 (2 of 2).txt
Murroon,LOCATION,18810324-232-249282714 (2 of 2).txt
Moylan,PERSON,18810324-232-249282714 (2 of 2).txt
Yeo,PERSON,18810324-232-249282714 (2 of 2).txt
Messrs Rands,PERSON,18810324-232-249282714 (2 of 2).txt
Lawlor,PERSON,18810324-232-249282714 (2 of 2).txt
Birregurra,LOCATION,18810324-232-249282714 (2 of 2).txt
Loutit Bay,LOCATION,18810324-232-249282714 (2 of 2).txt
Armytage,PERSON,18810324-232-249282714 (2 of 2).txt
